[
  {
    "line": 1,
    "elements": [
      {
        "line": 11,
        "name": "This is login test with valid credentials",
        "description": "",
        "id": "login-feature;this-is-login-test-with-valid-credentials;;2",
        "type": "scenario",
        "keyword": "Scenario Outline",
        "steps": [
          {
            "result": {
              "duration": 4309701995,
              "status": "passed"
            },
            "line": 4,
            "name": "User navigates to the login page",
            "match": {
              "location": "LoginSteps.navigateToLoginPage()"
            },
            "keyword": "Given "
          },
          {
            "result": {
              "duration": 3149442701,
              "status": "passed"
            },
            "line": 5,
            "name": "User enters karthika.kanan@gmail.com and g+ZjxHd6AT1MIrRNwtUFVw\u003d\u003d",
            "match": {
              "arguments": [
                {
                  "val": "karthika.kanan@gmail.com",
                  "offset": 12
                },
                {
                  "val": "g+ZjxHd6AT1MIrRNwtUFVw\u003d\u003d",
                  "offset": 41
                }
              ],
              "location": "LoginSteps.enterCredentials(String,String)"
            },
            "keyword": "When "
          },
          {
            "result": {
              "duration": 321772112,
              "status": "passed"
            },
            "line": 6,
            "name": "Clicks on login button",
            "match": {
              "location": "LoginSteps.clickSubmit()"
            },
            "keyword": "And "
          },
          {
            "result": {
              "duration": 6839143551,
              "status": "passed"
            },
            "line": 7,
            "name": "User is taken to the home page",
            "match": {
              "location": "LoginSteps.verifyHomePage()"
            },
            "keyword": "Then "
          }
        ]
      }
    ],
    "name": "Login Feature",
    "description": "",
    "id": "login-feature",
    "keyword": "Feature",
    "uri": "/Users/karthika/Documents/Katalon Studio/BDD/Include/features/Login.feature",
    "tags": []
  }
]