Suite/Test/Step Name,Browser,Description,Tag,Start time,End time,Duration,Status
UserValidation,,,,2021-03-24 16:37:28,2021-03-24 16:37:30,1.373s,PASSED
,,,,,,,
Test Cases/UserTest/ValidateUSerDetails,,,userdetails,2021-03-24 16:37:29,2021-03-24 16:37:30,0.892s,PASSED
"response = sendRequest(findTestObject(""User/GetUserDetails""))",,,,2021-03-24 16:37:29,2021-03-24 16:37:30,0.651s,PASSED
"verifyResponseStatusCode(response, 200)",,,,2021-03-24 16:37:30,2021-03-24 16:37:30,0.010s,PASSED
"verifyElementPropertyValue(response, ""data.first_name"", ""Janet"")",,,,2021-03-24 16:37:30,2021-03-24 16:37:30,0.035s,PASSED
