Suite/Test/Step Name,Browser,Description,Tag,Start time,End time,Duration,Status
LoginTestSuite,Chrome 89.0.4389.90,,,2021-03-22 21:04:23,2021-03-22 21:04:38,15.542s,PASSED
,,,,,,,
Test Cases/RunFeatureFile,Chrome 89.0.4389.90,,,2021-03-22 21:04:23,2021-03-22 21:04:38,15.152s,PASSED
"runFeatureFile(""Include/features/Login.feature"")",Chrome 89.0.4389.90,,,2021-03-22 21:04:23,2021-03-22 21:04:23,0.002s,NOT_RUN
"runFeatureFolder(""Include/features"")",Chrome 89.0.4389.90,,,2021-03-22 21:04:23,2021-03-22 21:04:38,14.932s,PASSED
